{
  "metadata": {
    "corpus_dir": "C:\\Users\\iamsa\\Documents\\NCM-RELEASE\\experiments\\data\\real_world_corpus",
    "num_chunks": 800,
    "num_queries": 41,
    "query_stride": 20,
    "top_k": 10,
    "timestamp": 1775817869.4449484
  },
  "weight_sweep": [
    {
      "preset": {
        "name": "default",
        "alpha": 0.4,
        "beta": 0.2,
        "gamma": 0.3,
        "delta": 0.1
      },
      "weights": {
        "alpha": 0.4,
        "beta": 0.2,
        "gamma": 0.3,
        "delta": 0.1
      },
      "by_state": {
        "state_a": {
          "recall@10": 0.01331222160552436,
          "ndcg@10": 0.7609318800402936,
          "mrr": 0.5
        },
        "state_b": {
          "recall@10": 0.011125918120680572,
          "ndcg@10": 0.7593343551189718,
          "mrr": 0.4878048780487805
        }
      },
      "overall": {
        "avg_recall@10": 0.012219069863102467,
        "avg_ndcg@10": 0.7601331175796326,
        "avg_mrr": 0.49390243902439024,
        "jaccard_divergence_mean": 0.36878616362117084,
        "jaccard_divergence_std": 0.17517570636282168
      }
    },
    {
      "preset": {
        "name": "semantic_heavy",
        "alpha": 0.55,
        "beta": 0.15,
        "gamma": 0.2,
        "delta": 0.1
      },
      "weights": {
        "alpha": 0.55,
        "beta": 0.15,
        "gamma": 0.2,
        "delta": 0.1
      },
      "by_state": {
        "state_a": {
          "recall@10": 0.013250238774768481,
          "ndcg@10": 0.7565275202402315,
          "mrr": 0.4959349593495935
        },
        "state_b": {
          "recall@10": 0.011063935289924692,
          "ndcg@10": 0.7554225313795517,
          "mrr": 0.4878048780487805
        }
      },
      "overall": {
        "avg_recall@10": 0.012157087032346588,
        "avg_ndcg@10": 0.7559750258098916,
        "avg_mrr": 0.49186991869918695,
        "jaccard_divergence_mean": 0.2407186309625334,
        "jaccard_divergence_std": 0.1118644492269663
      }
    },
    {
      "preset": {
        "name": "semantic_light",
        "alpha": 0.25,
        "beta": 0.2,
        "gamma": 0.35,
        "delta": 0.2
      },
      "weights": {
        "alpha": 0.25,
        "beta": 0.2,
        "gamma": 0.35,
        "delta": 0.2
      },
      "by_state": {
        "state_a": {
          "recall@10": 0.011156909536058513,
          "ndcg@10": 0.7608860816604096,
          "mrr": 0.4878048780487805
        },
        "state_b": {
          "recall@10": 0.011156909536058513,
          "ndcg@10": 0.7648484876323377,
          "mrr": 0.5121951219512195
        }
      },
      "overall": {
        "avg_recall@10": 0.011156909536058513,
        "avg_ndcg@10": 0.7628672846463737,
        "avg_mrr": 0.5,
        "jaccard_divergence_mean": 0.5291091819068863,
        "jaccard_divergence_std": 0.19110825046780835
      }
    },
    {
      "preset": {
        "name": "emotional_heavy",
        "alpha": 0.3,
        "beta": 0.4,
        "gamma": 0.2,
        "delta": 0.1
      },
      "weights": {
        "alpha": 0.3,
        "beta": 0.4,
        "gamma": 0.2,
        "delta": 0.1
      },
      "by_state": {
        "state_a": {
          "recall@10": 0.01337420443628024,
          "ndcg@10": 0.7642729705353744,
          "mrr": 0.5
        },
        "state_b": {
          "recall@10": 0.011156909536058513,
          "ndcg@10": 0.7608860816604096,
          "mrr": 0.4878048780487805
        }
      },
      "overall": {
        "avg_recall@10": 0.012265556986169376,
        "avg_ndcg@10": 0.762579526097892,
        "avg_mrr": 0.49390243902439024,
        "jaccard_divergence_mean": 0.5090936880750367,
        "jaccard_divergence_std": 0.19741990900061654
      }
    },
    {
      "preset": {
        "name": "state_heavy",
        "alpha": 0.3,
        "beta": 0.1,
        "gamma": 0.5,
        "delta": 0.1
      },
      "weights": {
        "alpha": 0.3,
        "beta": 0.1,
        "gamma": 0.5,
        "delta": 0.1
      },
      "by_state": {
        "state_a": {
          "recall@10": 0.013343213020902299,
          "ndcg@10": 0.7623608176334554,
          "mrr": 0.5
        },
        "state_b": {
          "recall@10": 0.01337420443628024,
          "ndcg@10": 0.7625020383300289,
          "mrr": 0.4905149051490515
        }
      },
      "overall": {
        "avg_recall@10": 0.01335870872859127,
        "avg_ndcg@10": 0.7624314279817421,
        "avg_mrr": 0.49525745257452575,
        "jaccard_divergence_mean": 0.5778377235373385,
        "jaccard_divergence_std": 0.1703484168623171
      }
    },
    {
      "preset": {
        "name": "temporal_heavy",
        "alpha": 0.35,
        "beta": 0.15,
        "gamma": 0.2,
        "delta": 0.3
      },
      "weights": {
        "alpha": 0.35,
        "beta": 0.15,
        "gamma": 0.2,
        "delta": 0.3
      },
      "by_state": {
        "state_a": {
          "recall@10": 0.011156909536058513,
          "ndcg@10": 0.7608860816604096,
          "mrr": 0.4878048780487805
        },
        "state_b": {
          "recall@10": 0.011156909536058513,
          "ndcg@10": 0.7628672846463737,
          "mrr": 0.5
        }
      },
      "overall": {
        "avg_recall@10": 0.011156909536058513,
        "avg_ndcg@10": 0.7618766831533916,
        "avg_mrr": 0.49390243902439024,
        "jaccard_divergence_mean": 0.30164956994225284,
        "jaccard_divergence_std": 0.1907774949727299
      }
    },
    {
      "preset": {
        "name": "no_temporal",
        "alpha": 0.45,
        "beta": 0.2,
        "gamma": 0.35,
        "delta": 0.0
      },
      "weights": {
        "alpha": 0.45,
        "beta": 0.2,
        "gamma": 0.35,
        "delta": 0.0
      },
      "by_state": {
        "state_a": {
          "recall@10": 0.013250238774768481,
          "ndcg@10": 0.7564015894122693,
          "mrr": 0.5
        },
        "state_b": {
          "recall@10": 0.01097096104379087,
          "ndcg@10": 0.750036966066028,
          "mrr": 0.4878048780487805
        }
      },
      "overall": {
        "avg_recall@10": 0.012110599909279676,
        "avg_ndcg@10": 0.7532192777391487,
        "avg_mrr": 0.49390243902439024,
        "jaccard_divergence_mean": 0.39416883929079055,
        "jaccard_divergence_std": 0.18037279031915765
      }
    }
  ]
}