{
  "calm_happy_vs_stressed_angry": {
    "semantic_jaccard_mean": 0.0,
    "manifold_jaccard_mean": 0.7916666666666666,
    "manifold_jaccard_std": 0.06364688465216442,
    "improvement": 0.7916666666666666
  },
  "excited_curious_vs_sad_withdrawn": {
    "semantic_jaccard_mean": 0.0,
    "manifold_jaccard_mean": 0.7685185185185186,
    "manifold_jaccard_std": 0.04721314364437762,
    "improvement": 0.7685185185185186
  },
  "confident_vs_fearful": {
    "semantic_jaccard_mean": 0.0,
    "manifold_jaccard_mean": 0.8324074074074075,
    "manifold_jaccard_std": 0.07470219796862945,
    "improvement": 0.8324074074074075
  },
  "neutral_vs_exhausted": {
    "semantic_jaccard_mean": 0.0,
    "manifold_jaccard_mean": 0.3333333333333334,
    "manifold_jaccard_std": 5.551115123125783e-17,
    "improvement": 0.3333333333333334
  },
  "calm_happy_vs_fearful": {
    "semantic_jaccard_mean": 0.0,
    "manifold_jaccard_mean": 0.7916666666666666,
    "manifold_jaccard_std": 0.06364688465216442,
    "improvement": 0.7916666666666666
  },
  "excited_curious_vs_exhausted": {
    "semantic_jaccard_mean": 0.0,
    "manifold_jaccard_mean": 0.7685185185185186,
    "manifold_jaccard_std": 0.04721314364437762,
    "improvement": 0.7685185185185186
  }
}